,log,number_of_clusters,clustering_technique,discovery_algo,align_weighted_average_f1,runtime,distance_metric,token_weighted_average_f1,f1_score_threshold,max_distance,minimum_cluster_size,neighbourhood_size,meta,flag_condition,align_weighted_average_fitness,align_weighted_average_precision,token_weighted_average_precision,token_weighted_average_fitness,clusters,number_of_traces,number_of_variants,number_of_activities,cluster_1,cluster_2,cluster_3,cluster_4,cluster_5
0,bpi2018_ref,4,K-means,inductive miner,0.987613508713858,9.334,levenshtein,,0.95,2,300,10,,yes,1.0,0.9763849363463076,,,"{'cluster 30738': 1.0, 'cluster 10332': 0.9567000236854571, 'cluster 2633': 0.973261100056644, 'cluster 99': 0.7497554294658579}",,,,,,,,
1,bpi2018_ref,4,K-means,inductive miner,0.987613508713858,8.217,BOA,,0.95,2,300,10,,yes,1.0,0.9763849363463076,,,"{'cluster 30738': 1.0, 'cluster 10332': 0.9567000236854571, 'cluster 2633': 0.973261100056644, 'cluster 99': 0.7497554294658579}",,,,,,,,
2,bpi2018_ref,5,K-means,inductive miner,0.9876439339800496,13.37,levenshtein,,0.95,2,300,10,,yes,1.0,0.976434193365808,,,"{'cluster 30734': 1.0, 'cluster 10332': 0.9567000236854571, 'cluster 2633': 0.973261100056644, 'cluster 25': 0.9417989417989417, 'cluster 83': 0.7343580861658368}",,,,,,,,
3,bpi2018_ref,5,K-means,inductive miner,0.9876439339800496,14.1,BOA,,0.95,2,300,10,,yes,1.0,0.976434193365808,,,"{'cluster 30734': 1.0, 'cluster 10332': 0.9567000236854571, 'cluster 2633': 0.973261100056644, 'cluster 25': 0.9417989417989417, 'cluster 83': 0.7343580861658368}",,,,,,,,
4,KIM,5,K-means,inductive miner,0.7732123096330104,33.961999999999996,levenshtein,,0.95,2,300,10,,yes,1.0,0.6485204024976016,,,"{'cluster 8956': 0.917916193129743, 'cluster 7939': 0.7134502339344984, 'cluster 1270': 0.8031628129867018, 'cluster 854': 0.9333333333333333, 'cluster 5751': 0.599973332911481}",,,,,,,,
5,KIM,5,K-means,inductive miner,0.7431808755463188,47.14100000000001,BOA,,0.95,2,300,10,,yes,1.0,0.6029359181448338,,,"{'cluster 16201': 0.8131869881167472, 'cluster 3417': 0.5913253480720294, 'cluster 1017': 0.7140450195444129, 'cluster 327': 1.0, 'cluster 3808': 0.5673333491502369}",,,,,,,,
6,KIM,4,DBSCAN,inductive miner,0.8381839547792376,29.846999999999998,levenshtein,,0.95,2,300,10,,yes,1.0,0.7633439609666437,,,"{'cluster 3660': 1.0, 'cluster 6762': 1.0, 'cluster 3442': 1.0, 'cluster 10906': 0.632479053721045}",,,,,,,,
7,KIM,4,DBSCAN,inductive miner,0.8383140226466897,28.564,BOA,,0.95,2,300,10,,yes,1.0,0.7634830925950414,,,"{'cluster 3660': 1.0, 'cluster 6762': 1.0, 'cluster 3442': 1.0, 'cluster 10906': 0.632774467353613}",,,,,,,,
8,KIM,3,DBSCAN,inductive miner,0.7877022874278019,26.546,BOA,,0.95,2,300,10,,yes,1.0,0.68928367467224,,,"{'cluster 3660': 1.0, 'cluster 6762': 1.0, 'cluster 14348': 0.6334949581535163}",,,,,,,,
9,KIM,3,DBSCAN,inductive miner,0.7762919815615293,28.269000000000002,levenshtein,,0.95,2,300,10,,yes,1.0,0.6772363932100957,,,"{'cluster 3660': 1.0, 'cluster 6762': 1.0, 'cluster 14348': 0.6137965140283721}",,,,,,,,
10,road,3,DBSCAN,inductive miner,0.9543941980706554,735.495,levenshtein,,0.95,2,300,10,,yes,1.0,0.9271911784878138,,,"{'cluster 56482': 1.0, 'cluster 66756': 1.0, 'cluster 27132': 0.7472451556790668}",,,,,,,,
11,road,3,DBSCAN,inductive miner,0.7938569336057578,740.6510000000003,BOA,,0.95,2,300,10,,yes,1.0,0.658930441800446,,,"{'cluster 79998': 0.816986084492959, 'cluster 64965': 0.7707886652748335, 'cluster 5407': 0.728819803856208}",,,,,,,,
12,road,4,DBSCAN,inductive miner,0.976269891886774,764.7139999999997,levenshtein,,0.95,2,300,10,,yes,1.0,0.9591413080808164,,,"{'cluster 56482': 1.0, 'cluster 66756': 1.0, 'cluster 19688': 0.910211829528465, 'cluster 7444': 0.7581210563215705}",,,,,,,,
13,road,4,DBSCAN,inductive miner,0.7968052343518228,738.6410000000003,BOA,,0.95,2,300,10,,yes,1.0,0.6634370199661306,,,"{'cluster 79998': 0.816986084492959, 'cluster 64965': 0.7707886652748335, 'cluster 2623': 0.9324682680672486, 'cluster 2784': 0.6961926707959492}",,,,,,,,
14,road,4,K-means,inductive miner,0.802378587796102,113.588,BOA,,0.95,2,300,10,,yes,1.0,0.6952194146125008,,,"{'cluster 49970': 0.9999950982074145, 'cluster 98401': 0.7034009574188729, 'cluster 308': 0.9879014189693801, 'cluster 1691': 0.6885168193130068}",,,,,,,,
15,road,4,K-means,inductive miner,0.9547645348180694,136.39600000000002,levenshtein,,0.95,2,300,10,,yes,1.0,0.9161463700370828,,,"{'cluster 49970': 0.9999950982074145, 'cluster 78016': 0.9419818295942843, 'cluster 20899': 0.9123088332564991, 'cluster 1489': 0.7024918585981367}",,,,,,,,
16,road,3,K-means,inductive miner,0.9300836263208604,144.83700000000005,levenshtein,,0.95,2,300,10,,yes,1.0,0.8871745916321647,,,"{'cluster 49970': 0.9999950982074145, 'cluster 56482': 1.0, 'cluster 43918': 0.7606202430084081}",,,,,,,,
17,road,3,K-means,inductive miner,0.8517995393250096,144.648,BOA,,0.95,2,300,10,,yes,1.0,0.7579107335970939,,,"{'cluster 49970': 0.9999950982074145, 'cluster 76867': 0.7922962076768252, 'cluster 23533': 0.7314795850670404}",,,,,,,,
18,bpi2013,3,K-means,inductive miner,0.8522342697874183,80.203,BOA,,0.95,2,300,10,,yes,1.0,0.7609242359943968,,,"{'cluster 3038': 0.9837540007292469, 'cluster 1171': 0.8621886120996441, 'cluster 3345': 0.7293004947653282}",,,,,,,,
19,bpi2013,3,K-means,inductive miner,0.8522342697874183,82.87899999999998,levenshtein,,0.95,2,300,10,,yes,1.0,0.7609242359943968,,,"{'cluster 3038': 0.9837540007292469, 'cluster 1171': 0.8621886120996441, 'cluster 3345': 0.7293004947653282}",,,,,,,,
20,bpi2013,3,DBSCAN,inductive miner,0.8077157287078397,31.345210169,levenshtein,,0.95,2,300,10,,yes,1.0,0.6836433246774684,,,"{'cluster 2508': 0.8894630601534114, 'cluster 1704': 0.8422657329331618, 'cluster 3342': 0.7287523790772462}",,,,,,,,
21,bpi2013,3,DBSCAN,inductive miner,0.8077157287078397,32.090181005,BOA,,0.95,2,300,10,,yes,1.0,0.6836433246774684,,,"{'cluster 2508': 0.8894630601534114, 'cluster 1704': 0.8422657329331618, 'cluster 3342': 0.7287523790772462}",,,,,,,,
22,bpi2013,4,K-means,inductive miner,0.8508696747047314,28.110715503,BOA,,0.95,2,300,10,,yes,1.0,0.7594401587571952,,,"{'cluster 3038': 0.9837540007292469, 'cluster 1171': 0.8621886120996441, 'cluster 534': 0.7752519046448759, 'cluster 2811': 0.7169041218979159}",,,,,,,,
23,bpi2013,4,K-means,inductive miner,0.8508696747047314,26.198610420999998,levenshtein,,0.95,2,300,10,,yes,1.0,0.7594401587571952,,,"{'cluster 3038': 0.9837540007292469, 'cluster 1171': 0.8621886120996441, 'cluster 534': 0.7752519046448759, 'cluster 2811': 0.7169041218979159}",,,,,,,,
24,bpi2013,5,K-means,inductive miner,0.8546290599505233,88.26418415100002,levenshtein,,0.95,2,300,10,,yes,1.0,0.7655394747163577,,,"{'cluster 3038': 0.9837540007292469, 'cluster 1171': 0.8621886120996441, 'cluster 534': 0.7752519046448759, 'cluster 131': 0.9892384105960266, 'cluster 2683': 0.7143457093527865}",,,,,,,,
25,bpi2013,5,K-means,inductive miner,0.8546290599505233,96.153880055,BOA,,0.95,2,300,10,,yes,1.0,0.7655394747163577,,,"{'cluster 3038': 0.9837540007292469, 'cluster 1171': 0.8621886120996441, 'cluster 534': 0.7752519046448759, 'cluster 131': 0.9892384105960266, 'cluster 2683': 0.7143457093527865}",,,,,,,,
26,bpi2013,4,DBSCAN,inductive miner,0.8121508348281322,37.70313061299999,BOA,,0.95,2,300,10,,yes,1.0,0.6903345317018482,,,"{'cluster 2508': 0.8894630601534114, 'cluster 1704': 0.8422657329331618, 'cluster 301': 0.8923781485116127, 'cluster 3041': 0.7235736336096192}",,,,,,,,
27,bpi2013,4,DBSCAN,inductive miner,0.8127876291789979,36.86829269,levenshtein,,0.95,2,300,10,,yes,1.0,0.6911856522213865,,,"{'cluster 2508': 0.8894630601534114, 'cluster 1704': 0.8422657329331618, 'cluster 345': 0.886002886002886, 'cluster 2997': 0.7234342980861833}",,,,,,,,
28,bpi2017_offer,4,K-means,inductive miner,0.9742900105171476,2.2475613500000016,levenshtein,,0.95,2,300,10,,yes,1.0,0.9560058612142344,,,"{'cluster 18866': 1.0, 'cluster 17276': 1.0, 'cluster 3696': 0.8042967195920286, 'cluster 3157': 0.8789731791487558}",,,,,,,,
29,bpi2017_offer,4,K-means,inductive miner,0.9816224078327184,2.9397002879999974,BOA,,0.95,2,300,10,,yes,1.0,0.9670445487762988,,,"{'cluster 18866': 1.0, 'cluster 17276': 1.0, 'cluster 6853': 0.8847009229195565, 'cluster 0': 0.0}",,,,,,,,
30,bpi2017_offer,4,DBSCAN,inductive miner,1.0,9.245538822,BOA,,0.95,2,300,10,,yes,1.0,1.0,,,"{'cluster 16365': 1.0, 'cluster 16299': 1.0, 'cluster 1203': 1.0, 'cluster 3532': 1.0, 'cluster 929': 1.0}",,,,,,,,
31,bpi2017_offer,4,DBSCAN,inductive miner,1.0,9.431377660000004,levenshtein,,0.95,2,300,10,,yes,1.0,1.0,,,"{'cluster 16365': 1.0, 'cluster 16299': 1.0, 'cluster 1203': 1.0, 'cluster 3532': 1.0, 'cluster 929': 1.0}",,,,,,,,
32,bpi2017_offer,5,DBSCAN,inductive miner,1.0,9.536525637000004,levenshtein,,0.95,2,300,10,,yes,1.0,1.0,,,"{'cluster 16365': 1.0, 'cluster 16299': 1.0, 'cluster 1203': 1.0, 'cluster 3532': 1.0, 'cluster 929': 1.0}",,,,,,,,
33,bpi2017_offer,5,DBSCAN,inductive miner,1.0,10.778293945,BOA,,0.95,2,300,10,,yes,1.0,1.0,,,"{'cluster 16365': 1.0, 'cluster 16299': 1.0, 'cluster 1203': 1.0, 'cluster 3532': 1.0, 'cluster 929': 1.0}",,,,,,,,
34,TSL,3,K-means,inductive miner,0.7045519715285679,166.84097038299998,levenshtein,,0.95,2,300,10,,yes,1.0,0.5495524475903185,,,"{'cluster 2232': 0.8404600074564799,'cluster 1605': 0.8582266120854771,'cluster 13975': 0.6651963697908262}",,,,,,,,
35,TSL,3,K-means,inductive miner,0.676842284086291,135.228065566,BOA,,0.95,2,300,10,,yes,1.0,0.5161113526629854,,,"{'cluster 2375': 0.6410693386444366, 'cluster 654': 1.0, 'cluster 14783': 0.668292977397313}",,,,,,,,
36,TSL,4,K-means,inductive miner,0.6849675898247826,198.47281857599998,BOA,,0.95,2,300,10,,yes,1.0,0.5317066474066148,,,"{'cluster 3020': 0.6328425691433803, 'cluster 2231': 0.9434796158313737, 'cluster 804': 0.7704339051463168, 'cluster 11758': 0.6434607276814434}",,,,,,,,
37,TSL,4,K-means,inductive miner,0.7218966409751683,190.967565632,levenshtein,,0.95,2,300,10,,yes,1.0,0.576561431518146,,,"{'cluster 2877': 0.845350114873639, 'cluster 2783': 0.8809227341241235, 'cluster 1116': 0.8375144047513519, 'cluster 11036': 0.6379192319489212}",,,,,,,,
38,TSL,4,DBSCAN,inductive miner,0.7132110347234388,21.126448482,levenshtein,,0.95,2,300,10,,yes,1.0,0.5675229289046609,,,"{'cluster 856': 1.0, 'cluster 654': 1.0, 'cluster 645': 1.0, 'cluster 15657': 0.6737379415273611}",,,,,,,,
39,TSL,4,DBSCAN,inductive miner,0.7132110347234388,23.32407823,BOA,,0.95,2,300,10,,yes,1.0,0.5675229289046609,,,"{'cluster 856': 1.0, 'cluster 654': 1.0, 'cluster 645': 1.0, 'cluster 15657': 0.6737379415273611}",,,,,,,,
40,TSL,5,DBSCAN,inductive miner,0.7284910008351181,24.855306752000004,levenshtein,,0.95,2,300,10,,yes,1.0,0.5926267965758127,,,"{'cluster 856': 1.0, 'cluster 654': 1.0, 'cluster 645': 1.0, 'cluster 1133': 1.0, 'cluster 14524': 0.667025730299857}",,,,,,,,
41,TSL,5,K-means,inductive miner,0.7143745411086299,73.51755170300001,levenshtein,,0.95,2,300,10,,yes,1.0,0.5709521857054287,,,"{'cluster 4539': 0.7552271414754977, 'cluster 3968': 0.8417547949915716, 'cluster 777': 0.9126592875081387, 'cluster 992': 0.9097012102874433, 'cluster 7536': 0.5765419901199718}",,,,,,,,
42,TSL,5,K-means,inductive miner,0.6036972059899712,83.76564513799998,BOA,,0.95,2,300,10,,yes,1.0,0.43411923630224336,,,"{'cluster 6016': 0.5975342273678728, 'cluster 1920': 0.5646955913226032, 'cluster 584': 0.6641990540818425, 'cluster 498': 0.851697438951757, 'cluster 8794': 0.598366569675583}",,,,,,,,
43,TSL,5,DBSCAN,inductive miner,0.7284910008351181,21.858331907000004,BOA,,0.95,2,300,10,,yes,1.0,0.5926267965758127,,,"{'cluster 856': 1.0, 'cluster 654': 1.0, 'cluster 645': 1.0, 'cluster 1133': 1.0, 'cluster 14524': 0.667025730299857}",,,,,,,,
44,KIM,4,DBSCAN,inductive miner,0.8312130360834038,17.685155592000005,BOA,,0.95,2,300,10,,yes,1.0,0.7559742092356785,,,"{'cluster 3660': 1.0, 'cluster 6762': 1.0, 'cluster 3442': 1.0, 'cluster 10906': 0.6166465160265828}",,,,,,,,
45,KIM,4,K-means,inductive miner,0.7074141506638705,23.135696343000003,BOA,,0.95,2,300,10,,yes,1.0,0.5526625328908646,,,"{'cluster 16982': 0.7589526970397935, 'cluster 2586': 0.5786857632968554, 'cluster 454': 0.7171324136304682, 'cluster 4748': 0.5922608068956193}",,,,,,,,
46,KIM,5,K-means,inductive miner,0.7417974749008738,18.95263546,levenshtein,,0.95,2,300,10,,yes,1.0,0.6028794715032736,,,"{'cluster 9285': 0.8685216652506372, 'cluster 9722': 0.6926898509581263, 'cluster 721': 0.7343319748871021, 'cluster 321': 1.0, 'cluster 4721': 0.5772750914073234}",,,,,,,,
47,KIM,5,DBSCAN,inductive miner,0.8551399647948066,17.345625664999996,levenshtein,,0.95,2,300,10,,yes,1.0,0.7880617786426208,,,"{'cluster 3660': 1.0, 'cluster 6762': 1.0, 'cluster 3442': 1.0, 'cluster 1129': 1.0, 'cluster 9777': 0.6329975378917215}",,,,,,,,
48,KIM,5,DBSCAN,inductive miner,0.8484784229391942,18.704576763,BOA,,0.95,2,300,10,,yes,1.0,0.7810191109463067,,,"{'cluster 3660': 1.0, 'cluster 6762': 1.0, 'cluster 3442': 1.0, 'cluster 1129': 1.0, 'cluster 9777': 0.6161205417003006}",,,,,,,,
49,KIM,5,K-means,inductive miner,0.7250827892936619,26.598293102000014,BOA,,0.95,2,300,10,,yes,1.0,0.5749591017220954,,,"{'cluster 17311': 0.7598409061469431, 'cluster 2316': 0.6693941368078177, 'cluster 567': 0.8360936607652769, 'cluster 392': 0.9945853519521232, 'cluster 4184': 0.571805779165445}",,,,,,,,
50,KIM,4,K-means,inductive miner,0.7039989999148988,25.617131421000003,BOA,,0.95,2,300,30,,yes,1.0,0.5491264237621908,,,"{'cluster 16982': 0.7589526970397935, 'cluster 2497': 0.5573766650655483, 'cluster 470': 0.6586385924430342, 'cluster 4821': 0.5907883956949532}",,,,,,,,
51,KIM,5,K-means,inductive miner,0.6459755681661923,30.622948959999995,BOA,,0.95,2,300,30,,yes,1.0,0.479783307599861,,,"{'cluster 18153': 0.6749697289777411, 'cluster 1418': 0.5076732314530025, 'cluster 827': 0.735453251067869, 'cluster 1198': 0.5790387465593902, 'cluster 3174': 0.5438879754669228}",,,,,,,,
52,KIM,5,K-means,inductive miner,0.7183868275741577,19.158610821,levenshtein,,0.95,2,300,30,,yes,1.0,0.5748944952712705,,,"{'cluster 9285': 0.8685216652506372, 'cluster 10027': 0.6458758885529864, 'cluster 714': 0.6471595775049956, 'cluster 337': 0.7798824297844545, 'cluster 4407': 0.5738888598736095}",,,,,,,,
53,KIM,5,DBSCAN,inductive miner,0.8484784229391942,18.268892658,levenshtein,,0.95,2,300,30,,yes,1.0,0.7810191109463067,,,"{'cluster 3660': 1.0, 'cluster 6762': 1.0, 'cluster 3442': 1.0, 'cluster 1129': 1.0, 'cluster 9777': 0.6161205417003006}",,,,,,,,
54,road,4,DBSCAN,inductive miner,0.9769137384983728,745.80293215,levenshtein,,0.95,2,300,10,,yes,1.0,0.9599850819961436,,,"{'cluster 56482': 1.0, 'cluster 66756': 1.0, 'cluster 19688': 0.910211829528465, 'cluster 7444': 0.7711268616662948}",,,,,,,,
55,road,4,DBSCAN,inductive miner,0.9758310035597282,710.5879447109999,levenshtein,,0.95,2,300,30,,yes,1.0,0.9586017244698436,,,"{'cluster 56527': 1.0, 'cluster 66756': 1.0, 'cluster 19722': 0.9101065917806564, 'cluster 7365': 0.7472621591552235}",,,,,,,,
56,road,4,DBSCAN,inductive miner,0.714090372357883,731.4658619639999,BOA,,0.95,2,300,10,,yes,1.0,0.5739702867268487,,,"{'cluster 80360': 0.8435330533619716, 'cluster 65245': 0.5544731726629135, 'cluster 3111': 0.6915859678209427, 'cluster 1654': 0.7638011045973988}",,,,,,,,
57,road,4,K-means,inductive miner,0.7865620994340584,77.42551566499998,BOA,,0.95,2,300,30,,yes,1.0,0.6767765381862515,,,"{'cluster 49970': 0.9999950982074145, 'cluster 98658': 0.6790829192648401, 'cluster 357': 0.9844124700239808, 'cluster 1385': 0.6911118655925594}",,,,,,,,
58,road,4,K-means,inductive miner,0.8598743049673879,94.967143173,levenshtein,,0.95,2,300,30,,yes,1.0,0.7708653705593571,,,"{'cluster 49970': 0.9999950982074145, 'cluster 78396': 0.76188267542017, 'cluster 20872': 0.8986936208623888, 'cluster 1136': 0.7455072190687048}",,,,,,,,
59,road,5,K-means,inductive miner,0.8527423585909057,93.58682477299999,levenshtein,,0.95,2,300,10,,yes,1.0,0.7617174028253227,,,"{'cluster 49970': 0.9999950982074145, 'cluster 78296': 0.7483583175614098, 'cluster 20872': 0.8986936208623888, 'cluster 308': 0.8719083571986461, 'cluster 928': 0.690711759568162}",,,,,,,,
60,road,5,K-means,inductive miner,0.8600525368915913,100.46344589700001,levenshtein,,0.95,2,300,30,,yes,1.0,0.7711549889451909,,,"{'cluster 49970': 0.9999950982074145, 'cluster 78396': 0.76188267542017, 'cluster 20872': 0.8986936208623888, 'cluster 302': 0.9060639202819297, 'cluster 837': 0.7200077681215711}",,,,,,,,
61,road,3,K-means,inductive miner,0.8515225012885049,111.765605979,BOA,,0.95,2,300,10,,yes,1.0,0.7575668837429855,,,"{'cluster 49970': 0.9999950982074145, 'cluster 76867': 0.7922962076768252, 'cluster 23533': 0.7297093811173017}",,,,,,,,
62,road,3,K-means,inductive miner,0.8516713576550339,117.396171131,BOA,,0.95,2,300,30,,yes,1.0,0.7577515198082054,,,"{'cluster 49970': 0.9999950982074145, 'cluster 76867': 0.7922962076768252, 'cluster 23533': 0.730660536169142}",,,,,,,,
63,bpi2013,3,K-means,inductive miner,0.8522342697874183,32.33935605,levenshtein,,0.95,2,300,10,,yes,1.0,0.7609242359943968,,,"{'cluster 3038': 0.9837540007292469, 'cluster 1171': 0.8621886120996441, 'cluster 3345': 0.7293004947653282}",,,,,,,,
64,bpi2013,3,K-means,inductive miner,0.8522342697874183,32.27988420900001,levenshtein,,0.95,2,300,30,,yes,1.0,0.7609242359943968,,,"{'cluster 3038': 0.9837540007292469, 'cluster 1171': 0.8621886120996441, 'cluster 3345': 0.7293004947653282}",,,,,,,,
65,bpi2013,4,K-means,inductive miner,0.8508696747047314,25.442045336,levenshtein,,0.95,2,300,10,,yes,1.0,0.7594401587571952,,,"{'cluster 3038': 0.9837540007292469, 'cluster 1171': 0.8621886120996441, 'cluster 534': 0.7752519046448759, 'cluster 2811': 0.7169041218979159}",,,,,,,,
66,bpi2013,4,K-means,inductive miner,0.8508696747047314,27.894285845,levenshtein,,0.95,2,300,30,,yes,1.0,0.7594401587571952,,,"{'cluster 3038': 0.9837540007292469, 'cluster 1171': 0.8621886120996441, 'cluster 534': 0.7752519046448759, 'cluster 2811': 0.7169041218979159}",,,,,,,,
67,bpi2013,5,DBSCAN,inductive miner,0.7957299651193421,95.12854744399999,levenshtein,,0.95,2,300,10,,yes,1.0,0.6678280676522531,,,"{'cluster 2508': 0.8894630601534114, 'cluster 1419': 0.7875729916661943, 'cluster 318': 0.7176276771004942, 'cluster 132': 0.9895833333333333, 'cluster 3180': 0.7252079607074923}",,,,,,,,
68,bpi2013,5,DBSCAN,inductive miner,0.7957299651193421,103.18296420200001,levenshtein,,0.95,2,300,30,,yes,1.0,0.6678280676522531,,,"{'cluster 2508': 0.8894630601534114, 'cluster 1419': 0.7875729916661943, 'cluster 318': 0.7176276771004942, 'cluster 132': 0.9895833333333333, 'cluster 3180': 0.7252079607074923}",,,,,,,,
69,bpi2013,5,K-means,inductive miner,0.8546290599505233,89.73390019200001,levenshtein,,0.95,2,300,10,,yes,1.0,0.7655394747163577,,,"{'cluster 3038': 0.9837540007292469, 'cluster 1171': 0.8621886120996441, 'cluster 534': 0.7752519046448759, 'cluster 131': 0.9892384105960266, 'cluster 2683': 0.7143457093527865}",,,,,,,,
70,bpi2013,5,K-means,inductive miner,0.8546290599505233,88.659917689,levenshtein,,0.95,2,300,30,,yes,1.0,0.7655394747163577,,,"{'cluster 3038': 0.9837540007292469, 'cluster 1171': 0.8621886120996441, 'cluster 534': 0.7752519046448759, 'cluster 131': 0.9892384105960266, 'cluster 2683': 0.7143457093527865}",,,,,,,,
71,bpi2018_ref,4,K-means,inductive miner,0.987613508713858,4.276657802999998,BOA,,0.95,2,300,10,,yes,1.0,0.9763849363463076,,,"{'cluster 30738': 1.0, 'cluster 10332': 0.9567000236854571, 'cluster 2633': 0.973261100056644, 'cluster 99': 0.7497554294658579}",,,,,,,,
72,bpi2018_ref,4,K-means,inductive miner,0.987613508713858,4.631353142999991,BOA,,0.95,2,300,30,,yes,1.0,0.9763849363463076,,,"{'cluster 30738': 1.0, 'cluster 10332': 0.9567000236854571, 'cluster 2633': 0.973261100056644, 'cluster 99': 0.7497554294658579}",,,,,,,,
73,bpi2018_ref,3,DBSCAN,inductive miner,0.9927509133194208,65.66022184399999,levenshtein,,0.95,2,300,30,,yes,1.0,0.9879032558063728,,,"{'cluster 35583': 1.0, 'cluster 7574': 0.9862261293016803, 'cluster 676': 0.6842811837266766}",,,,,,,,
74,bpi2018_ref,3,DBSCAN,inductive miner,0.9927509133194208,69.223070695,BOA,,0.95,2,300,30,,yes,1.0,0.9879032558063728,,,"{'cluster 35583': 1.0, 'cluster 7574': 0.9862261293016803, 'cluster 676': 0.6842811837266766}",,,,,,,,
75,bpi2018_ref,3,K-means,inductive miner,0.9811995149741852,5.046950483000003,levenshtein,,0.95,2,300,30,,yes,1.0,0.9653250709704342,,,"{'cluster 30738': 1.0, 'cluster 10332': 0.9567000236854571, 'cluster 2732': 0.8623266874747861}",,,,,,,,
76,bpi2018_ref,5,DBSCAN,inductive miner,0.993809242048265,121.032738724,levenshtein,,0.95,2,300,30,,yes,1.0,0.9893864929686272,,,"{'cluster 35583': 1.0, 'cluster 7574': 0.9862261293016803, 'cluster 32': 0.906064209274673, 'cluster 303': 0.917711389703921, 'cluster 413': 0.6621246077991932}",,,,,,,,
77,KIM,3,K-means,inductive miner,0.7897239840666976,20.549380812000003,levenshtein,,0.95,2,300,10,,yes,1.0,0.6702921888748077,,,"{'cluster 8956': 0.917916193129743, 'cluster 8111': 0.8195527010454989, 'cluster 7703': 0.609270894649108}",,,,,,,,
78,KIM,4,K-means,inductive miner,0.7628534819295926,16.602544133000002,levenshtein,,0.95,2,300,10,,yes,1.0,0.6342514601770796,,,"{'cluster 8956': 0.917916193129743, 'cluster 10051': 0.7187454809433187, 'cluster 721': 0.7343319748871021, 'cluster 5042': 0.5794246606249764}",,,,,,,,
79,bpi2012,4,K-means,inductive miner,0.8011857467886206,33.376607884,levenshtein,,0.95,2,300,10,11 activites sampled,yes,1.0,0.738743029711103,,,"{'cluster 5719': 0.9925615212527964, 'cluster 2353': 0.9973862484664213, 'cluster 424': 0.9028069123963639, 'cluster 4591': 0.45284655950346075}",,,,,,,,
80,bpi2012,3,K-means,inductive miner,0.7986907504609563,34.754422702,levenshtein,,0.95,2,300,10,11 activites sampled,yes,1.0,0.7338266050884142,,,"{'cluster 8072': 0.9899228401568495, 'cluster 424': 0.9028069123963639, 'cluster 4591': 0.45284655950346075}",,,,,,,,
81,bpi2012,5,K-means,inductive miner,0.8028574009286111,34.071888445999996,levenshtein,,0.95,2,300,10,11 activites sampled,yes,1.0,0.7402250912982774,,,"{'cluster 5719': 0.9925615212527964, 'cluster 2353': 0.9973862484664213, 'cluster 424': 0.9028069123963639, 'cluster 327': 0.5303039458577558, 'cluster 4264': 0.4520370783571663}",,,,,,,,
82,bpi2012,3,K-means,inductive miner,0.7688456496766186,1.9544028219999987,levenshtein,,0.95,2,300,10,9 activites sampled ,yes,1.0,0.6690161542694097,,,"{'cluster 4696': 0.9559319675837362, 'cluster 1872': 1.0, 'cluster 6519': 0.567698496325308}",,,,,,,,
83,bpi2012,4,K-means,inductive miner,0.8247527811454515,2.434138891,levenshtein,,0.95,2,300,10,9 activites sampled ,yes,1.0,0.7431078697663402,,,"{'cluster 3926': 1.0, 'cluster 2194': 0.7926066241891969, 'cluster 2480': 1.0, 'cluster 4487': 0.5902742842387845}",,,,,,,,
84,bpi2012,5,K-means,inductive miner,0.8192148938532781,2.7893030480000007,levenshtein,,0.95,2,300,10,9 activites sampled ,yes,1.0,0.7176328092169717,,,"{'cluster 3926': 1.0, 'cluster 2194': 0.7926066241891969, 'cluster 3367': 0.7874327262358769, 'cluster 1914': 0.7665638381140937, 'cluster 1686': 0.5561074774615521}",,,,,,,,
85,bpi2012,3,K-means,inductive miner,0.8663179214638735,11.978645531,levenshtein,,0.95,2,300,10,8 activites sampled ,yes,1.0,0.8009623628098761,,,"{'cluster 7937': 1.0, 'cluster 1151': 0.6222269398153062, 'cluster 3930': 0.6678227719820071}",,,,,,,,
86,bpi2012,4,K-means,inductive miner,0.8619613814118896,13.219547227000005,levenshtein,,0.95,2,300,10,9 activites sampled ,yes,1.0,0.7782811422271664,,,"{'cluster 1167': 1.0, 'cluster 7738': 0.9399562661744939, 'cluster 350': 0.5749318801089918, 'cluster 3766': 0.6856057890780227}",,,,,,,,
87,bpi2012,3,K-means,inductive miner,0.7620375684113002,7.144401288000001,levenshtein,,0.95,2,300,10,8 activites sampled ,yes,1.0,0.6612564265490902,,,"{'cluster 5356': 1.0, 'cluster 1533': 0.6658745136413411, 'cluster 6198': 0.5801871617274137}",,,,5356.0,1533.0,6198.0,0.0,0.0
88,bpi2012,4,K-means,inductive miner,0.8361214465706159,5.74902531,levenshtein,,0.95,2,300,10,8 activites sampled ,yes,1.0,0.7534468257486302,,,"{'cluster 4696': 1.0, 'cluster 1876': 1.0, 'cluster 1806': 0.6570134402613798, 'cluster 4709': 0.6761000420806118}",,,,4696.0,1876.0,1806.0,4709.0,0.0
89,bpi2012,5,K-means,inductive miner,0.845448444918495,6.2742725660000005,levenshtein,,0.95,2,300,10,8 activites sampled ,yes,1.0,0.7671109375003669,,,"{'cluster 4696': 1.0, 'cluster 1876': 1.0, 'cluster 1298': 0.6396599750264145, 'cluster 508': 0.9419291338582677, 'cluster 4710': 0.67610416125456}",,,,4696.0,1876.0,1298.0,508.0,4710.0
90,bpi2013,4,K-means,inductive miner,0.8508696747047314,25.682323235,levenshtein,,0.95,2,300,10,,yes,1.0,0.7594401587571952,,,"{'cluster 3038': 0.9837540007292469, 'cluster 1171': 0.8621886120996441, 'cluster 534': 0.7752519046448759, 'cluster 2811': 0.7169041218979159}",,,,3038.0,1171.0,534.0,2811.0,0.0
91,bpi2013,5,K-means,inductive miner,0.8546290599505233,94.441592586,levenshtein,,0.95,2,300,10,,yes,1.0,0.7655394747163577,,,"{'cluster 3038': 0.9837540007292469, 'cluster 1171': 0.8621886120996441, 'cluster 534': 0.7752519046448759, 'cluster 131': 0.9892384105960266, 'cluster 2683': 0.7143457093527865}",,,,3038.0,1171.0,534.0,131.0,2683.0
92,bpi2013,3,K-means,inductive miner,0.8522342697874183,34.71328182900001,levenshtein,,0.95,2,300,10,,yes,1.0,0.7609242359943968,,,"{'cluster 3038': 0.9837540007292469, 'cluster 1171': 0.8621886120996441, 'cluster 3345': 0.7293004947653282}",,,,3038.0,1171.0,3345.0,0.0,0.0
93,KIM,3,K-means,inductive miner,0.7205416971721107,22.438775478,BOA,,0.95,2,300,10,,yes,1.0,0.569240969724344,,,"{'cluster 16982': 0.7589526970397935, 'cluster 1648': 0.8399396516252914, 'cluster 6140': 0.5822577511310961}",24770.0,1174.0,18.0,16982.0,1648.0,6140.0,0.0,0.0
94,bpi2012,3,DBSCAN,inductive miner,0.7126207172463406,5.854839748,BOA,,0.95,2,300,10,8 activites sampled,yes,1.0,0.6031249305939684,,,"{'cluster 3480': 1.0, 'cluster 1216': 1.0, 'cluster 8391': 0.5517896945063591}",13087.0,575.0,8.0,3480.0,1216.0,8391.0,0.0,0.0
95,bpi2012,3,K-means,inductive miner,0.7717399293383088,11.553683660999999,BOA,,0.95,2,300,10,8 activites sampled,yes,1.0,0.6707297988628579,,,"{'cluster 5356': 1.0, 'cluster 1716': 0.6244464896591244, 'cluster 6015': 0.6105087745628245}",13087.0,575.0,8.0,5356.0,1716.0,6015.0,0.0,0.0
96,bpi2012,4,K-means,inductive miner,0.8198404127730506,11.039537693,BOA,,0.95,2,300,10,8 activites sampled,yes,1.0,0.7355852176069398,,,"{'cluster 4696': 1.0, 'cluster 1876': 1.0, 'cluster 1908': 0.6689132266217355, 'cluster 4607': 0.6253451368714221}",13087.0,575.0,8.0,4696.0,1876.0,1908.0,4607.0,0.0
97,bpi2012,4,DBSCAN,inductive miner,0.7776522237097767,5.817928340000003,BOA,,0.95,2,300,10,8 activites sampled,yes,1.0,0.6981168752902324,,,"{'cluster 3480': 1.0, 'cluster 1216': 1.0, 'cluster 2240': 1.0, 'cluster 6151': 0.5269280851389772}",13087.0,575.0,8.0,3480.0,1216.0,2240.0,6151.0,0.0
98,bpi2012,4,K-means,inductive miner,0.7970430139016762,10.369785336,BOA,,0.95,2,300,10,8 activites sampled,yes,1.0,0.7117774503601888,,,"{'cluster 4696': 1.0, 'cluster 1876': 1.0, 'cluster 1400': 0.6287431576687775, 'cluster 5115': 0.5823385146031178}",13087.0,575.0,8.0,4696.0,1876.0,1400.0,5115.0,0.0
99,bpi2012,5,K-means,inductive miner,0.795421223486016,13.132149925999995,BOA,,0.95,2,300,10,8 activites sampled,yes,1.0,0.7160563767277929,,,"{'cluster 4696': 1.0, 'cluster 1876': 1.0, 'cluster 1400': 0.6684925253908478, 'cluster 508': 0.9419291338582677, 'cluster 4608': 0.5260597737495204}",13087.0,575.0,8.0,4696.0,1876.0,1400.0,508.0,4608.0
100,bpi2012,5,DBSCAN,inductive miner,0.7953695986104939,8.959661693000001,BOA,,0.95,2,300,10,8 activites sampled,yes,1.0,0.7168316056877504,,,"{'cluster 3480': 1.0, 'cluster 1216': 1.0, 'cluster 2240': 1.0, 'cluster 1855': 0.6810467721132306, 'cluster 4296': 0.514352927082284}",13087.0,575.0,8.0,3480.0,1216.0,2240.0,1855.0,4296.0
101,bpi2012,5,DBSCAN,inductive miner,0.7946033197341106,6.388585851000003,levenshtein,,0.95,2,300,10,8 activites sampled,yes,1.0,0.7162986859146901,,,"{'cluster 3480': 1.0, 'cluster 1216': 1.0, 'cluster 2240': 1.0, 'cluster 1534': 0.7015299547808158, 'cluster 4617': 0.5169648461612592}",13087.0,575.0,8.0,3480.0,1216.0,2240.0,1534.0,4617.0
102,bpi2012,4,DBSCAN,inductive miner,0.8117268227060812,5.7412627180000015,levenshtein,,0.95,2,300,10,8 activites sampled,yes,1.0,0.7311485596442584,,,"{'cluster 3480': 1.0, 'cluster 1216': 1.0, 'cluster 2240': 1.0, 'cluster 6151': 0.5994259354177345}",13087.0,575.0,8.0,3480.0,1216.0,2240.0,6151.0,0.0
103,bpi2012,3,DBSCAN,inductive miner,0.7613999674678025,6.2611733560000005,levenshtein,,0.95,2,300,10,8 activites sampled,yes,1.0,0.6522199715906778,,,"{'cluster 3480': 1.0, 'cluster 1216': 1.0, 'cluster 8391': 0.6278681175367812}",13087.0,575.0,8.0,3480.0,1216.0,8391.0,0.0,0.0
104,bpi2012,3,DBSCAN,inductive miner,0.8381173012581542,64.086947329,BOA,,0.95,2,300,10,9 activites sampled,yes,1.0,0.7723880189326997,,,"{'cluster 4696': 1.0, 'cluster 3376': 1.0, 'cluster 5015': 0.5775555576401723}",13087.0,1901.0,9.0,4696.0,3376.0,5015.0,0.0,0.0
105,bpi2012,4,DBSCAN,inductive miner,0.8463352950664667,65.567470002,BOA,,0.95,2,300,10,9 activites sampled,yes,1.0,0.7826452515818384,,,"{'cluster 4696': 1.0, 'cluster 3376': 1.0, 'cluster 381': 0.8673679644290208, 'cluster 4634': 0.576936299544107}",13087.0,1901.0,9.0,4696.0,3376.0,381.0,4634.0,0.0
106,bpi2012,4,DBSCAN,inductive miner,0.8459184387708781,68.78380314500001,levenshtein,,0.95,2,300,10,9 activites sampled,yes,1.0,0.7822339043779062,,,"{'cluster 4696': 1.0, 'cluster 3376': 1.0, 'cluster 381': 0.8673679644290208, 'cluster 4634': 0.5757590448310368}",13087.0,1901.0,9.0,4696.0,3376.0,381.0,4634.0,0.0
107,bpi2012,5,DBSCAN,inductive miner,0.8626604487488504,67.61347371699999,levenshtein,,0.95,2,300,10,9 activites sampled,yes,1.0,0.8039342072408582,,,"{'cluster 4696': 1.0, 'cluster 3376': 1.0, 'cluster 381': 0.8673679644290208, 'cluster 725': 0.8999060150375939, 'cluster 3912': 0.5719136551055057}",13087.0,1901.0,9.0,4696.0,3376.0,381.0,725.0,3912.0
108,bpi2012,5,DBSCAN,inductive miner,0.8610001818811939,63.067907207000005,BOA,,0.95,2,300,10,9 activites sampled,yes,1.0,0.8023123494216199,,,"{'cluster 4696': 1.0, 'cluster 3376': 1.0, 'cluster 381': 0.8673679644290208, 'cluster 725': 0.8999060150375939, 'cluster 3912': 0.5663582120335161}",13087.0,1901.0,9.0,4696.0,3376.0,381.0,725.0,3912.0
109,bpi2012,5,K-means,inductive miner,0.8442502297219361,88.34879279200001,BOA,,0.95,2,300,10,9 activites sampled,yes,1.0,0.7794393260354913,,,"{'cluster 4696': 1.0, 'cluster 3376': 1.0, 'cluster 1047': 0.6970624929114212, 'cluster 442': 0.6260077776723892, 'cluster 3526': 0.5587586184235747}",13087.0,1901.0,9.0,4696.0,3376.0,1047.0,442.0,3526.0
110,bpi2012,4,K-means,inductive miner,0.8445172646657736,83.23559019400001,BOA,,0.95,2,300,10,9 activites sampled,yes,1.0,0.779603683099296,,,"{'cluster 4696': 1.0, 'cluster 3376': 1.0, 'cluster 1047': 0.6970624929114212, 'cluster 3968': 0.567130295514799}",13087.0,1901.0,9.0,4696.0,3376.0,1047.0,3968.0,0.0
111,bpi2013,4,K-means,inductive miner,0.8508696747047314,24.332928306,levenshtein,,0.95,2,300,10,9 activites sampled,yes,1.0,0.7594401587571952,,,"{'cluster 3038': 0.9837540007292469, 'cluster 1171': 0.8621886120996441, 'cluster 534': 0.7752519046448759, 'cluster 2811': 0.7169041218979159}",7554.0,1511.0,4.0,3038.0,1171.0,534.0,2811.0,0.0
112,bpi2012,4,K-means,inductive miner,0.7949419983102751,5.476041228,levenshtein,,0.85,2,300,10,8 activites sampled,yes,1.0,0.7097718195904422,,,"{'cluster 4696': 1.0, 'cluster 1876': 1.0, 'cluster 1298': 0.6396599750264145, 'cluster 5217': 0.5752592072651491}",13087.0,575.0,8.0,4696.0,1876.0,1298.0,5217.0,0.0
113,bpi2012,4,K-means,inductive miner,0.8350630516068199,10.963634225,BOA,,0.85,2,300,10,8 activites sampled,yes,1.0,0.7524255150630693,,,"{'cluster 4696': 1.0, 'cluster 1876': 1.0, 'cluster 1400': 0.6260018380388552, 'cluster 5115': 0.6803651188903332}",13087.0,575.0,8.0,4696.0,1876.0,1400.0,5115.0,0.0
114,bpi2012,3,K-means,inductive miner,0.7887620967974472,12.103202007,BOA,,0.85,2,300,10,8 activites sampled,yes,1.0,0.6888459535197091,,,"{'cluster 5356': 1.0, 'cluster 1716': 0.6244464896591244, 'cluster 6015': 0.6475443698309451}",13087.0,575.0,8.0,5356.0,1716.0,6015.0,0.0,0.0
115,bpi2012,3,K-means,inductive miner,0.7025725344669652,5.886186007999999,levenshtein,,0.85,2,300,10,8 activites sampled,yes,1.0,0.6070529199925937,,,"{'cluster 5356': 1.0, 'cluster 1533': 0.6658745136413411, 'cluster 6198': 0.45462748130961583}",13087.0,575.0,8.0,5356.0,1533.0,6198.0,0.0,0.0
116,bpi2012,5,K-means,inductive miner,0.8308713880712533,5.730855548000001,levenshtein,,0.85,2,300,10,8 activites sampled,yes,1.0,0.7509709332470882,,,"{'cluster 4696': 1.0, 'cluster 1876': 1.0, 'cluster 1298': 0.6396599750264145, 'cluster 508': 0.9419291338582677, 'cluster 4710': 0.6355978937350909}",13087.0,575.0,8.0,4696.0,1876.0,1298.0,508.0,4710.0
117,bpi2012,5,K-means,inductive miner,0.8329747154890055,13.120403771,BOA,,0.85,2,300,10,8 activites sampled,yes,1.0,0.7533068343156114,,,"{'cluster 4696': 1.0, 'cluster 1876': 1.0, 'cluster 1400': 0.665394488743497, 'cluster 508': 0.9419291338582677, 'cluster 4608': 0.6336633663366337}",13087.0,575.0,8.0,4696.0,1876.0,1400.0,508.0,4608.0
118,bpi2012,5,DBSCAN,inductive miner,0.7948998883002149,6.644453600000002,BOA,,0.85,2,300,10,8 activites sampled,yes,1.0,0.7196072710074037,,,"{'cluster 3480': 1.0, 'cluster 1216': 1.0, 'cluster 570': 0.915629700533297, 'cluster 2240': 1.0, 'cluster 5581': 0.5276735188820879}",13087.0,575.0,8.0,3480.0,1216.0,570.0,2240.0,5581.0
119,bpi2012,4,DBSCAN,inductive miner,0.77246833096162,5.810185827000001,BOA,,0.85,2,300,10,8 activites sampled,yes,1.0,0.6675135702853965,,,"{'cluster 3480': 1.0, 'cluster 1216': 1.0, 'cluster 570': 0.915629700533297, 'cluster 7821': 0.6254167137182893}",13087.0,575.0,8.0,3480.0,1216.0,570.0,7821.0,0.0
120,bpi2012,3,DBSCAN,inductive miner,0.7667129549739871,5.908943603000001,BOA,,0.85,2,300,10,8 activites sampled,yes,1.0,0.6578981333540787,,,"{'cluster 3480': 1.0, 'cluster 1216': 1.0, 'cluster 8391': 0.6361545038427564}",13087.0,575.0,8.0,3480.0,1216.0,8391.0,0.0,0.0
121,road,3,K-means,inductive miner,0.9153888561659916,,levenshtein,,0.85,2,300,10,9 activites sampled,yes,1.0,0.8687879637805234,,,"{'cluster 49970': 0.9999950982074145, 'cluster 56482': 1.0, 'cluster 43918': 0.7103071006023879}",150370.0,231.0,11.0,,,,,
122,road,3,K-means,inductive miner,0.9239139488365264,,levenshtein,,0.85,2,300,30,9 activites sampled,yes,1.0,0.8792761060086812,,,"{'cluster 49970': 0.9999950982074145, 'cluster 56482': 1.0, 'cluster 43918': 0.7394960023025627}",150370.0,231.0,11.0,,,,,
123,road,3,K-means,inductive miner,0.92984256904623,,levenshtein,,0.95,2,300,30,9 activites sampled,yes,1.0,0.8868609365538431,,,"{'cluster 49970': 0.9999950982074145, 'cluster 56482': 1.0, 'cluster 43918': 0.7597948916174935}",150370.0,231.0,11.0,,,,,
124,KIM,3,K-means,inductive miner,0.7302288487814228,,levenshtein,,0.85,2,300,30,9 activites sampled,yes,1.0,0.5962017816943912,,,"{'cluster 8956': 0.917916193129743, 'cluster 7567': 0.6290284511478353, 'cluster 8247': 0.6192618975154838}",24770.0,1174.0,18.0,,,,,
125,KIM,3,K-means,inductive miner,0.7541544902924834,,levenshtein,,0.85,2,300,10,9 activites sampled,yes,1.0,0.6231333293168045,,,"{'cluster 8956': 0.917916193129743, 'cluster 7171': 0.7079929398521304, 'cluster 8643': 0.6227619955102635}",24770.0,1174.0,18.0,,,,,
126,KIM,3,K-means,inductive miner,0.7274809956529769,,levenshtein,,0.95,2,300,30,9 activites sampled,yes,1.0,0.593336200826485,,,"{'cluster 8956': 0.917916193129743, 'cluster 7567': 0.6290284511478353, 'cluster 8247': 0.6110086754963729}",24770.0,1174.0,18.0,,,,,
127,TSL,3,K-means,inductive miner,0.7086419340747878,,levenshtein,,0.95,2,300,30,9 activites sampled,yes,1.0,0.5555102545189714,,,"{'cluster 2404': 0.8472347809086244, 'cluster 1760': 0.8681674025247186, 'cluster 13648': 0.6636579050404663}",17812.0,2551.0,40.0,,,,,
128,TSL,3,K-means,inductive miner,0.7086419340747878,,levenshtein,,0.85,2,300,30,9 activites sampled,yes,1.0,0.5555102545189714,,,"{'cluster 2404': 0.8472347809086244, 'cluster 1760': 0.8681674025247186, 'cluster 13648': 0.6636579050404663}",17812.0,2551.0,40.0,,,,,
129,TSL,3,K-means,inductive miner,0.7207577178869915,,levenshtein,,0.85,2,300,10,9 activites sampled,yes,1.0,0.5789296156457693,,,"{'cluster 1989': 0.9646864686468647, 'cluster 1040': 1.0, 'cluster 14783': 0.668292977397313}",17812.0,2551.0,40.0,,,,,
130,bpi2018_ref,3,K-means,inductive miner,0.9811995149741852,,levenshtein,,0.95,2,300,30,9 activites sampled,yes,1.0,0.9653250709704342,,,"{'cluster 30738': 1.0, 'cluster 10332': 0.9567000236854571, 'cluster 2732': 0.8623266874747861}",43802.0,515.0,6.0,,,,,
131,bpi2018_ref,3,K-means,inductive miner,0.9811995149741852,,levenshtein,,0.85,2,300,30,9 activites sampled,yes,1.0,0.9653250709704342,,,"{'cluster 30738': 1.0, 'cluster 10332': 0.9567000236854571, 'cluster 2732': 0.8623266874747861}",43802.0,515.0,6.0,,,,,
132,bpi2018_ref,3,K-means,inductive miner,0.9811995149741852,,levenshtein,,0.85,2,300,10,9 activites sampled,yes,1.0,0.9653250709704342,,,"{'cluster 30738': 1.0, 'cluster 10332': 0.9567000236854571, 'cluster 2732': 0.8623266874747861}",43802.0,515.0,6.0,,,,,
133,bpi2013,3,K-means,inductive miner,0.8522342697874183,,levenshtein,,0.85,2,300,10,9 activites sampled,yes,1.0,0.7609242359943968,,,"{'cluster 3038': 0.9837540007292469, 'cluster 1171': 0.8621886120996441, 'cluster 3345': 0.7293004947653282}",7554.0,1511.0,4.0,,,,,
134,bpi2013,3,K-means,inductive miner,0.8522342697874183,,levenshtein,,0.85,2,300,30,9 activites sampled,yes,1.0,0.7609242359943968,,,"{'cluster 3038': 0.9837540007292469, 'cluster 1171': 0.8621886120996441, 'cluster 3345': 0.7293004947653282}",7554.0,1511.0,4.0,,,,,
135,bpi2013,3,K-means,inductive miner,0.8522342697874183,,levenshtein,,0.95,2,300,30,9 activites sampled,yes,1.0,0.7609242359943968,,,"{'cluster 3038': 0.9837540007292469, 'cluster 1171': 0.8621886120996441, 'cluster 3345': 0.7293004947653282}",7554.0,1511.0,4.0,,,,,
136,bpi2018_ref,4,K-means,inductive miner,0.987613508713858,,levenshtein,,0.95,2,300,30,,yes,1.0,0.9763849363463076,,,"{'cluster 30738': 1.0, 'cluster 10332': 0.9567000236854571, 'cluster 2633': 0.973261100056644, 'cluster 99': 0.7497554294658579}",43802.0,515.0,6.0,30738.0,10332.0,2633.0,99.0,0.0
137,bpi2018_ref,4,K-means,inductive miner,0.987613508713858,,levenshtein,,0.85,2,300,30,,yes,1.0,0.9763849363463076,,,"{'cluster 30738': 1.0, 'cluster 10332': 0.9567000236854571, 'cluster 2633': 0.973261100056644, 'cluster 99': 0.7497554294658579}",43802.0,515.0,6.0,30738.0,10332.0,2633.0,99.0,0.0
138,bpi2018_ref,4,K-means,inductive miner,0.987613508713858,,levenshtein,,0.85,2,300,10,,yes,1.0,0.9763849363463076,,,"{'cluster 30738': 1.0, 'cluster 10332': 0.9567000236854571, 'cluster 2633': 0.973261100056644, 'cluster 99': 0.7497554294658579}",43802.0,515.0,6.0,30738.0,10332.0,2633.0,99.0,0.0
139,bpi2018_ref,5,K-means,inductive miner,0.9876439339800496,,levenshtein,,0.85,2,300,10,,yes,1.0,0.976434193365808,,,"{'cluster 30734': 1.0, 'cluster 10332': 0.9567000236854571, 'cluster 2633': 0.973261100056644, 'cluster 25': 0.9417989417989417, 'cluster 83': 0.7343580861658368}",43802.0,515.0,6.0,30734.0,10332.0,2633.0,25.0,83.0
140,bpi2018_ref,5,K-means,inductive miner,0.9876439339800496,,levenshtein,,0.85,2,300,30,,yes,1.0,0.976434193365808,,,"{'cluster 30734': 1.0, 'cluster 10332': 0.9567000236854571, 'cluster 2633': 0.973261100056644, 'cluster 25': 0.9417989417989417, 'cluster 83': 0.7343580861658368}",43802.0,515.0,6.0,30734.0,10332.0,2633.0,25.0,83.0
141,bpi2018_ref,5,K-means,inductive miner,0.9876439339800496,,levenshtein,,0.95,2,300,30,,yes,1.0,0.976434193365808,,,"{'cluster 30734': 1.0, 'cluster 10332': 0.9567000236854571, 'cluster 2633': 0.973261100056644, 'cluster 25': 0.9417989417989417, 'cluster 83': 0.7343580861658368}",43802.0,515.0,6.0,30734.0,10332.0,2633.0,25.0,83.0
142,bpi2013,4,K-means,inductive miner,0.8508696747047314,,levenshtein,,0.95,2,300,30,,yes,1.0,0.7594401587571952,,,"{'cluster 3038': 0.9837540007292469, 'cluster 1171': 0.8621886120996441, 'cluster 534': 0.7752519046448759, 'cluster 2811': 0.7169041218979159}",7554.0,1511.0,4.0,3038.0,1171.0,534.0,2811.0,0.0
143,bpi2013,4,K-means,inductive miner,0.9250282426795258,,levenshtein,,0.85,2,300,30,,yes,1.0,0.8643695790402498,,,"{'cluster 4509': 0.8855374265254106, 'cluster 3038': 0.9837540007292469, 'cluster 5': 1.0, 'cluster 2': 0.5652173913043478}",7554.0,1511.0,4.0,4509.0,3038.0,5.0,2.0,0.0
144,bpi2013,4,K-means,inductive miner,0.9148356165385838,,levenshtein,,0.85,2,300,10,,yes,1.0,0.8481659916030545,,,"{'cluster 4508': 0.8685383895927217, 'cluster 3038': 0.9837540007292469, 'cluster 7': 0.853658536585366, 'cluster 1': 0.676923076923077}",7554.0,1511.0,4.0,4508.0,3038.0,7.0,1.0,0.0
145,bpi2013,5,K-means,inductive miner,0.92490288923541,,levenshtein,,0.85,2,300,10,,yes,1.0,0.8641620964323529,,,"{'cluster 4506': 0.8855501117295174, 'cluster 3038': 0.9837540007292469, 'cluster 7': 0.853658536585366, 'cluster 1': 0.676923076923077, 'cluster 2': 0.5652173913043478}",7554.0,1511.0,4.0,4506.0,3038.0,7.0,1.0,2.0
146,bpi2013,5,K-means,inductive miner,0.9249028892354101,,levenshtein,,0.85,2,300,30,,yes,1.0,0.8641620964323529,,,"{'cluster 4506': 0.8855501117295174, 'cluster 3038': 0.9837540007292469, 'cluster 7': 0.853658536585366, 'cluster 1': 0.676923076923077, 'cluster 2': 0.5652173913043478}",7554.0,1511.0,4.0,4506.0,3038.0,7.0,1.0,2.0
147,bpi2013,5,K-means,inductive miner,0.8546290599505233,,levenshtein,,0.95,2,300,30,,yes,1.0,0.7655394747163577,,,"{'cluster 3038': 0.9837540007292469, 'cluster 1171': 0.8621886120996441, 'cluster 534': 0.7752519046448759, 'cluster 131': 0.9892384105960266, 'cluster 2683': 0.7143457093527865}",7554.0,1511.0,4.0,3038.0,1171.0,534.0,131.0,2683.0
148,TSL,5,K-means,inductive miner,0.6710780245725518,,levenshtein,,0.95,2,300,30,,yes,1.0,0.5173316617810824,,,"{'cluster 5340': 0.7132479365157118, 'cluster 2947': 0.6354515050167223, 'cluster 1982': 0.9285534970126023, 'cluster 300': 0.9011812157879574, 'cluster 7262': 0.5747487323133607}",17812.0,2551.0,40.0,5340.0,2947.0,1982.0,300.0,7262.0
149,TSL,5,K-means,inductive miner,0.6710780245725518,,levenshtein,,0.85,2,300,30,,yes,1.0,0.5173316617810824,,,"{'cluster 5340': 0.7132479365157118, 'cluster 2947': 0.6354515050167223, 'cluster 1982': 0.9285534970126023, 'cluster 300': 0.9011812157879574, 'cluster 7262': 0.5747487323133607}",17812.0,2551.0,40.0,5340.0,2947.0,1982.0,300.0,7262.0
150,TSL,5,K-means,inductive miner,0.7680143291310731,,levenshtein,,0.85,2,300,10,,yes,1.0,0.6571213520876262,,,"{'cluster 3403': 0.962299873779313, 'cluster 4436': 0.935760017264945, 'cluster 409': 1.0, 'cluster 310': 0.9286998202516477, 'cluster 9258': 0.6005949920569119}",17812.0,2551.0,40.0,3403.0,4436.0,409.0,310.0,9258.0
151,TSL,4,K-means,inductive miner,0.7477989840492069,,levenshtein,,0.85,2,300,10,,yes,1.0,0.6219726604256585,,,"{'cluster 2634': 0.9589924323142912, 'cluster 2617': 0.9483026690852553, 'cluster 613': 1.0, 'cluster 11949': 0.6443927651817362}",17812.0,2551.0,40.0,2634.0,2617.0,613.0,11949.0,0.0
152,TSL,4,K-means,inductive miner,0.7123174691763328,,levenshtein,,0.85,2,300,30,,yes,1.0,0.5625427519122369,,,"{'cluster 3236': 0.8490651192778853, 'cluster 3351': 0.8258696294276691, 'cluster 1358': 0.7046940928270041, 'cluster 9867': 0.6299544267471785}",17812.0,2551.0,40.0,3236.0,3351.0,1358.0,9867.0,0.0
153,TSL,4,K-means,inductive miner,0.7123174691763328,,levenshtein,,0.95,2,300,30,,yes,1.0,0.5625427519122369,,,"{'cluster 3236': 0.8490651192778853, 'cluster 3351': 0.8258696294276691, 'cluster 1358': 0.7046940928270041, 'cluster 9867': 0.6299544267471785}",17812.0,2551.0,40.0,3236.0,3351.0,1358.0,9867.0,0.0
154,KIM,4,K-means,inductive miner,0.7410592627458422,,levenshtein,,0.95,2,300,30,,yes,1.0,0.6086275853936566,,,"{'cluster 8956': 0.917916193129743, 'cluster 10356': 0.669341983904292, 'cluster 714': 0.6471595775049956, 'cluster 4744': 0.577867409125868}",24770.0,1174.0,18.0,8956.0,10356.0,714.0,4744.0,0.0
155,KIM,4,K-means,inductive miner,0.7409470938491186,,levenshtein,,0.85,2,300,30,,yes,1.0,0.6085167078876855,,,"{'cluster 8956': 0.917916193129743, 'cluster 10356': 0.669341983904292, 'cluster 714': 0.6471595775049956, 'cluster 4744': 0.5772817380525447}",24770.0,1174.0,18.0,8956.0,10356.0,714.0,4744.0,0.0
156,KIM,4,K-means,inductive miner,0.7641339958433446,,levenshtein,,0.85,2,300,10,,yes,1.0,0.6356081003832714,,,"{'cluster 8956': 0.917916193129743, 'cluster 7939': 0.7134502339344984, 'cluster 1270': 0.8031628129867018, 'cluster 6605': 0.6090300487010708}",24770.0,1174.0,18.0,8956.0,7939.0,1270.0,6605.0,0.0
157,KIM,5,K-means,inductive miner,0.7702666197082493,,levenshtein,,0.85,2,300,10,,yes,1.0,0.645541704496834,,,"{'cluster 8956': 0.917916193129743, 'cluster 7939': 0.7134502339344984, 'cluster 1270': 0.8031628129867018, 'cluster 854': 0.9333333333333333, 'cluster 5751': 0.5872860194987992}",24770.0,1174.0,18.0,8956.0,7939.0,1270.0,854.0,5751.0
158,KIM,5,K-means,inductive miner,0.7183868275741577,,levenshtein,,0.85,2,300,30,,yes,1.0,0.5748944952712705,,,"{'cluster 9285': 0.8685216652506372, 'cluster 10027': 0.6458758885529864, 'cluster 714': 0.6471595775049956, 'cluster 337': 0.7798824297844545, 'cluster 4407': 0.5738888598736095}",24770.0,1174.0,18.0,9285.0,10027.0,714.0,337.0,4407.0
159,KIM,5,K-means,inductive miner,0.7184938041528854,,levenshtein,,0.95,2,300,30,,yes,1.0,0.5749997387269776,,,"{'cluster 9285': 0.8685216652506372, 'cluster 10027': 0.6458758885529864, 'cluster 714': 0.6471595775049956, 'cluster 337': 0.7798824297844545, 'cluster 4407': 0.574490132815539}",24770.0,1174.0,18.0,9285.0,10027.0,714.0,337.0,4407.0
160,road,4,K-means,inductive miner,0.8599521671663103,,levenshtein,,0.95,2,300,30,,yes,1.0,0.7709651412933619,,,"{'cluster 49970': 0.9999950982074145, 'cluster 78396': 0.76188267542017, 'cluster 20872': 0.8986936208623888, 'cluster 1136': 0.7558139534883721}",150370.0,231.0,11.0,49970.0,78396.0,20872.0,1136.0,0.0
161,road,4,K-means,inductive miner,0.8601171252553796,,levenshtein,,0.85,2,300,30,,yes,1.0,0.7711820727850555,,,"{'cluster 49970': 0.9999950982074145, 'cluster 78396': 0.76188267542017, 'cluster 20872': 0.8986936208623888, 'cluster 1136': 0.7776496996905903}",150370.0,231.0,11.0,49970.0,78396.0,20872.0,1136.0,0.0
162,road,4,K-means,inductive miner,0.9546985010563384,,levenshtein,,0.85,2,300,10,,yes,1.0,0.9160683242538292,,,"{'cluster 49970': 0.9999950982074145, 'cluster 78016': 0.9419818295942843, 'cluster 20899': 0.9123088332564991, 'cluster 1489': 0.6958231138791671}",150370.0,231.0,11.0,49970.0,78016.0,20899.0,1489.0,0.0
163,road,5,K-means,inductive miner,0.9552838349892632,,levenshtein,,0.85,2,300,10,,yes,1.0,0.9168507002999056,,,"{'cluster 49970': 0.9999950982074145, 'cluster 78016': 0.9419818295942843, 'cluster 20899': 0.9123088332564991, 'cluster 223': 0.9297777777777777, 'cluster 1269': 0.7246848135982742}",150370.0,231.0,11.0,49970.0,78016.0,20899.0,223.0,1269.0
164,road,5,K-means,inductive miner,0.8599512222743197,,levenshtein,,0.85,2,300,30,,yes,1.0,0.771033046480379,,,"{'cluster 49970': 0.9999950982074145, 'cluster 78396': 0.76188267542017, 'cluster 20872': 0.8986936208623888, 'cluster 302': 0.9060639202819297, 'cluster 837': 0.7018053927315357}",150370.0,231.0,11.0,49970.0,78396.0,20872.0,302.0,837.0
165,road,5,K-means,inductive miner,0.859933922841277,,levenshtein,,0.95,2,300,30,,yes,1.0,0.7710125658297646,,,"{'cluster 49970': 0.9999950982074145, 'cluster 78396': 0.76188267542017, 'cluster 20872': 0.8986936208623888, 'cluster 302': 0.9060639202819297, 'cluster 837': 0.6986973439350365}",150370.0,231.0,11.0,49970.0,78396.0,20872.0,302.0,837.0
166,KIM,4,DBSCAN,inductive miner,0.8381839547792376,16.478222763999998,levenshtein,,0.95,2,300,10,,yes,1.0,0.7633439609666437,,,"{'cluster 3660': 1.0, 'cluster 6762': 1.0, 'cluster 3442': 1.0, 'cluster 10906': 0.632479053721045}",24770.0,1174.0,18.0,3660.0,6762.0,3442.0,10906.0,0.0
167,bpi2013,4,DBSCAN,inductive miner,0.8127876291789979,36.73712955100001,levenshtein,,0.95,2,300,10,,yes,1.0,0.6911856522213865,,,"{'cluster 2508': 0.8894630601534114, 'cluster 1704': 0.8422657329331618, 'cluster 345': 0.886002886002886, 'cluster 2997': 0.7234342980861833}",7554.0,1511.0,4.0,2508.0,1704.0,345.0,2997.0,0.0
168,KIM,3,K-means,inductive miner,0.7719465300209541,17.040201729,levenshtein,,0.95,2,300,10,,no,1.0,0.6495100437528952,,,"{'cluster 10085': 0.9288270041002985, 'cluster 8601': 0.7133894906995083, 'cluster 6084': 0.5946798492375167}",24770.0,1174.0,18.0,10085.0,8601.0,6084.0,0.0,0.0
169,KIM,4,K-means,inductive miner,0.7817570398022727,15.380904162000006,levenshtein,,0.95,2,300,10,,no,1.0,0.664649820234455,,,"{'cluster 10085': 0.9288270041002985, 'cluster 8601': 0.7133894906995083, 'cluster 771': 1.0, 'cluster 5313': 0.5815995727544349}",24770.0,1174.0,18.0,10085.0,8601.0,771.0,5313.0,0.0
170,KIM,4,DBSCAN,inductive miner,0.7816411970407955,15.285622831,levenshtein,,0.95,2,300,10,,no,1.0,0.6645347041899998,,,"{'cluster 10085': 0.9288270041002985, 'cluster 8601': 0.7133894906995083, 'cluster 771': 1.0, 'cluster 5313': 0.5810594964883349}",24770.0,1174.0,18.0,10085.0,8601.0,771.0,5313.0,0.0
171,road,4,K-means,inductive miner,0.954982445678716,93.537496083,levenshtein,,0.95,2,300,10,,no,1.0,0.9164101435370318,,,"{'cluster 49970': 0.9999950982074145, 'cluster 78016': 0.9419818295942843, 'cluster 20899': 0.9123088332564991, 'cluster 1488': 0.7243437652995894}",150370.0,231.0,11.0,49970.0,78016.0,20899.0,1488.0,0.0
172,road,4,DBSCAN,inductive miner,0.9613152009741897,751.843093009,levenshtein,,0.95,2,300,10,,no,1.0,0.9286272029385138,,,"{'cluster 77573': 0.932689122478165, 'cluster 70249': 1.0, 'cluster 708': 0.8913723038449515, 'cluster 1840': 0.7181423268304241}",150370.0,231.0,11.0,77573.0,70249.0,708.0,1840.0,0.0
173,TSL,4,DBSCAN,inductive miner,0.7650191857872584,25.08145926400001,levenshtein,,0.95,2,300,10,,no,1.0,0.6495923669658465,,,"{'cluster 3403': 0.962299873779313, 'cluster 4436': 0.935760017264945, 'cluster 564': 0.7943661971830985, 'cluster 9412': 0.6114594509700852}",17812.0,2551.0,40.0,3403.0,4436.0,564.0,9412.0,0.0
174,TSL,4,K-means,inductive miner,0.7650310935157641,193.02262078099997,levenshtein,,0.95,2,300,10,,no,1.0,0.6496047192944319,,,"{'cluster 3403': 0.962299873779313, 'cluster 4436': 0.935760017264945, 'cluster 564': 0.7943661971830985, 'cluster 9412': 0.6114819898760915}",17812.0,2551.0,40.0,3403.0,4436.0,564.0,9412.0,0.0
175,bpi2013,4,K-means,inductive miner,0.8455454461142097,26.119651551999997,levenshtein,,0.95,2,300,10,,no,1.0,0.7515750334617765,,,"{'cluster 3038': 0.9837540007292469, 'cluster 1555': 0.8199780754525281, 'cluster 330': 0.7589074756639259, 'cluster 2631': 0.7119347287850668}",7554.0,1511.0,4.0,3038.0,1555.0,330.0,2631.0,0.0
176,bpi2013,4,DBSCAN,inductive miner,0.8011550229733744,31.86729008,levenshtein,,0.95,2,300,10,,no,1.0,0.6769719883524135,,,"{'cluster 2808': 0.9081786858489996, 'cluster 1828': 0.7651420059915315, 'cluster 350': 0.7826173231471376, 'cluster 2568': 0.7122911384824226}",7554.0,1511.0,4.0,2808.0,1828.0,350.0,2568.0,0.0
177,bpi2018_ref,3,DBSCAN,inductive miner,0.9927383390665836,61.074104084000005,levenshtein,,0.95,2,300,10,,no,1.0,0.9878836441155874,,,"{'cluster 35583': 1.0, 'cluster 7574': 0.9862261293016803, 'cluster 678': 0.6843781558300318}",43802.0,515.0,6.0,35583.0,7574.0,678.0,0.0,0.0
178,bpi2018_ref,4,DBSCAN,inductive miner,0.9927677522017164,66.06455998499999,levenshtein,,0.95,2,300,10,,no,1.0,0.987913472160404,,,"{'cluster 35583': 1.0, 'cluster 7574': 0.9862261293016803, 'cluster 35': 0.8642413487133984, 'cluster 655': 0.6823854660347551}",43802.0,515.0,6.0,35583.0,7574.0,35.0,655.0,0.0
179,bpi2018_ref,5,DBSCAN,inductive miner,0.9928640666258982,84.395885849,levenshtein,,0.95,2,300,10,,no,1.0,0.9880554843603704,,,"{'cluster 35583': 1.0, 'cluster 7574': 0.9862261293016803, 'cluster 32': 0.906064209274673, 'cluster 25': 0.8651851851851852, 'cluster 633': 0.68058505795958}",43802.0,515.0,6.0,35583.0,7574.0,32.0,25.0,633.0
180,bpi2018_ref,3,K-means,inductive miner,0.9811995149741852,5.312155593,levenshtein,,0.95,2,300,10,,no,1.0,0.9653250709704342,,,"{'cluster 30738': 1.0, 'cluster 10332': 0.9567000236854571, 'cluster 2732': 0.8623266874747861}",43802.0,515.0,6.0,30738.0,10332.0,2732.0,0.0,0.0
181,bpi2018_ref,4,K-means,inductive miner,0.987613508713858,4.222679994000004,levenshtein,,0.95,2,300,10,,no,1.0,0.9763849363463076,,,"{'cluster 30738': 1.0, 'cluster 10332': 0.9567000236854571, 'cluster 2633': 0.973261100056644, 'cluster 99': 0.7497554294658579}",43802.0,515.0,6.0,30738.0,10332.0,2633.0,99.0,0.0
182,bpi2018_ref,5,K-means,inductive miner,0.9876448095078136,7.777177266999999,levenshtein,,0.95,2,300,10,,no,1.0,0.9764348914778856,,,"{'cluster 30734': 1.0, 'cluster 10332': 0.9567000236854571, 'cluster 2633': 0.973261100056644, 'cluster 34': 0.8826583592938734, 'cluster 69': 0.7186440677966103}",43802.0,515.0,6.0,30734.0,10332.0,2633.0,34.0,69.0
183,bpi2012,5,K-means,inductive miner,0.8535846227784776,86.04044015299999,levenshtein,,0.95,2,300,10,8 activities sampled,no,1.0,0.7920609684420598,,,"{'cluster 4696': 1.0, 'cluster 3376': 1.0, 'cluster 590': 0.7119292373894335, 'cluster 516': 0.9022087199277445, 'cluster 3910': 0.5662755993304941}",13087.0,1901.0,9.0,4696.0,3376.0,590.0,516.0,3910.0
184,bpi2012,4,K-means,inductive miner,0.841728066010177,94.50993072,levenshtein,,0.95,2,300,10,9 activities sampled,no,1.0,0.7765940467719575,,,"{'cluster 4696': 1.0, 'cluster 3376': 1.0, 'cluster 590': 0.7119292373894335, 'cluster 4425': 0.5703179547605468}",13087.0,1901.0,9.0,4696.0,3376.0,590.0,4425.0,0.0
185,bpi2012,3,K-means,inductive miner,0.8417316886825972,95.321949464,levenshtein,,0.95,2,300,10,9 activities sampled,no,1.0,0.7765975915038189,,,"{'cluster 8072': 1.0, 'cluster 590': 0.7119292373894335, 'cluster 4425': 0.5703286688653972}",13087.0,1901.0,9.0,8072.0,590.0,4425.0,0.0,0.0
186,bpi2012,3,DBSCAN,inductive miner,0.8417026881339277,68.318697931,levenshtein,,0.95,2,300,10,9 activities sampled,no,1.0,0.7759554982352559,,,"{'cluster 4696': 1.0, 'cluster 3376': 1.0, 'cluster 5015': 0.5869118802808995}",13087.0,1901.0,9.0,4696.0,3376.0,5015.0,0.0,0.0
187,bpi2012,5,DBSCAN,inductive miner,0.8535846227784776,73.49594053000001,levenshtein,,0.95,2,300,10,9 activities sampled,no,1.0,0.7920609684420598,,,"{'cluster 4696': 1.0, 'cluster 3376': 1.0, 'cluster 590': 0.7119292373894335, 'cluster 516': 0.9022087199277445, 'cluster 3910': 0.5662755993304941}",13087.0,1901.0,9.0,4696.0,3376.0,590.0,516.0,3910.0
188,bpi2012,4,DBSCAN,inductive miner,0.8417316886825972,69.512194488,levenshtein,,0.95,2,300,10,9 activities sampled,no,1.0,0.7765975915038189,,,"{'cluster 4696': 1.0, 'cluster 3376': 1.0, 'cluster 590': 0.7119292373894335, 'cluster 4425': 0.5703286688653972}",13087.0,1901.0,9.0,4696.0,3376.0,590.0,4425.0,0.0
189,bpi2012,4,DBSCAN,inductive miner,0.7776522237097767,6.690033733,levenshtein,,0.95,2,300,10,8 activities sampled,no,1.0,0.6981168752902324,,,"{'cluster 3480': 1.0, 'cluster 1216': 1.0, 'cluster 2240': 1.0, 'cluster 6151': 0.5269280851389772}",13087.0,575.0,8.0,3480.0,1216.0,2240.0,6151.0,0.0
190,bpi2012,3,DBSCAN,inductive miner,0.7311863908152942,6.190432299999998,levenshtein,,0.95,2,300,10,8 activities sampled,no,1.0,0.62119038216149,,,"{'cluster 3480': 1.0, 'cluster 1216': 1.0, 'cluster 8391': 0.5807455960671857}",13087.0,575.0,8.0,3480.0,1216.0,8391.0,0.0,0.0
191,bpi2012,5,DBSCAN,inductive miner,0.7925938860589916,7.143713195,levenshtein,,0.95,2,300,10,8 activities sampled,no,1.0,0.7137000173593449,,,"{'cluster 3480': 1.0, 'cluster 1216': 1.0, 'cluster 2240': 1.0, 'cluster 1753': 0.6658806295442771, 'cluster 4398': 0.5160044209329028}",13087.0,575.0,8.0,3480.0,1216.0,2240.0,1753.0,4398.0
192,bpi2012,5,K-means,inductive miner,0.802468120147634,6.5878860500000025,levenshtein,,0.95,2,300,10,8 activities sampled,no,1.0,0.7232624968225112,,,"{'cluster 4696': 1.0, 'cluster 2148': 1.0, 'cluster 1753': 0.7192698081895721, 'cluster 570': 0.6005684829214241, 'cluster 3920': 0.5241572141200393}",13087.0,575.0,8.0,4696.0,2148.0,1753.0,570.0,3920.0
193,bpi2012,4,K-means,inductive miner,0.8074344900726214,6.480639729,levenshtein,,0.95,2,300,10,8 activities sampled,no,1.0,0.7277827291327644,,,"{'cluster 4696': 1.0, 'cluster 2148': 1.0, 'cluster 1753': 0.7192698081895721, 'cluster 4490': 0.5483330061968987}",13087.0,575.0,8.0,4696.0,2148.0,1753.0,4490.0,0.0
194,bpi2012,3,K-means,inductive miner,0.7541308477996781,6.903800751,levenshtein,,0.95,2,300,10,8 activities sampled,no,1.0,0.653484122853336,,,"{'cluster 5356': 1.0, 'cluster 1988': 0.6526841799658649, 'cluster 5743': 0.5599467622117792}",13087.0,575.0,8.0,5356.0,1988.0,5743.0,0.0,0.0
195,bpi2013,4,K-means,inductive miner,0.8455454461142097,25.294081515999988,levenshtein,,0.95,2,300,10,,no,1.0,0.7515750334617765,,,"{'cluster 3038': 0.9837540007292469, 'cluster 1555': 0.8199780754525281, 'cluster 330': 0.7589074756639259, 'cluster 2631': 0.7119347287850668}",7554.0,1511.0,4.0,3038.0,1555.0,330.0,2631.0,0.0
196,bpi2013,4,K-means,inductive miner,0.8455454461142097,29.960103656000012,levenshtein,,0.95,2,300,10,,no,1.0,0.7515750334617765,,,"{'cluster 3038': 0.9837540007292469, 'cluster 1555': 0.8199780754525281, 'cluster 330': 0.7589074756639259, 'cluster 2631': 0.7119347287850668}",7554.0,1511.0,4.0,3038.0,1555.0,330.0,2631.0,0.0
197,bpi2013,4,K-means,inductive miner,0.8508696747047314,27.449857693999995,levenshtein,,0.95,2,300,10,,yes,1.0,0.7594401587571952,,,"{'cluster 3038': 0.9837540007292469, 'cluster 1171': 0.8621886120996441, 'cluster 534': 0.7752519046448759, 'cluster 2811': 0.7169041218979159}",7554.0,1511.0,4.0,3038.0,1171.0,534.0,2811.0,0.0
198,KIM,4,DBSCAN,inductive miner,0.8661933901605501,17.74833914,levenshtein,,0.95,2,300,10,,yes,1.0,0.8028221656467535,,,"{'cluster 7112': 1.0, 'cluster 5154': 1.0, 'cluster 4088': 0.9647592405608065, 'cluster 8417': 0.6233266831714869}",24770.0,1174.0,18.0,7112.0,5154.0,4088.0,8417.0,0.0
199,TSL,4,K-means,inductive miner,0.7762829800401005,210.061730675,levenshtein,,0.95,2,300,10,,yes,1.0,0.6586399827927725,,,"{'cluster 2634': 1.0, 'cluster 2617': 0.9483026690852553, 'cluster 613': 1.0, 'cluster 11949': 0.6778157702283202}",17812.0,2551.0,40.0,2634.0,2617.0,613.0,11949.0,0.0
200,TSL,4,K-means,inductive miner,0.7762829800401005,,levenshtein,,0.95,2,300,10,,yes,1.0,0.6586399827927725,,,"{'cluster 2634': 1.0, 'cluster 2617': 0.9483026690852553, 'cluster 613': 1.0, 'cluster 11949': 0.6778157702283202}",17812.0,2551.0,40.0,2634.0,2617.0,613.0,11949.0,0.0
